id,ID,First_Name
12345Johnny,12345,Johnny
93829Sally,93829,Sally
20391Larry,20391,Larry
29324Valerie,29324,Valerie
43557Nina,43557,Nina
55027Bob,55027,Bob
78551Julia,78551,Julia
77268Nina,77268,Nina
19876Xander,19876,Xander
28290Fiona,28290,Fiona
38891Bob,38891,Bob
11314Sophia,11314,Sophia
90356Paula,90356,Paula
79572Wendy,79572,Wendy
25714Wendy,25714,Wendy
31814Paula,31814,Paula
34134Fiona,34134,Fiona
47654Diana,47654,Diana
31444Charlie,31444,Charlie
27526Wendy,27526,Wendy
15289Alice,15289,Alice
87317Bob,87317,Bob
87475Sophia,87475,Sophia
18330Ian,18330,Ian
18997Fiona,18997,Fiona
20241George,20241,George
82672Paula,82672,Paula
14287Kevin,14287,Kevin
92041Sophia,92041,Sophia
70721Kevin,70721,Kevin
17534Charlie,17534,Charlie
95807Xander,95807,Xander
92910Sophia,92910,Sophia
36356Nina,36356,Nina
15126Ian,15126,Ian
58082Uma,58082,Uma
72449Wendy,72449,Wendy
61780Ethan,61780,Ethan
45533Nina,45533,Nina
42135Julia,42135,Julia
81543Wendy,81543,Wendy
26645Yara,26645,Yara
53289Paula,53289,Paula
73652Hannah,73652,Hannah
66364Zane,66364,Zane
90098Hannah,90098,Hannah
46820Sophia,46820,Sophia
90373Michael,90373,Michael
62364Zane,62364,Zane
74911Thomas,74911,Thomas
24430Zane,24430,Zane
39956Julia,39956,Julia
13595Uma,13595,Uma
66314George,66314,George
36524Michael,36524,Michael
81662Hannah,81662,Hannah
46408Michael,46408,Michael
22471Ethan,22471,Ethan
81780Zane,81780,Zane
82129Kevin,82129,Kevin
22185Alice,22185,Alice
63310Kevin,63310,Kevin
60429Diana,60429,Diana
60587Zane,60587,Zane
32824Alice,32824,Alice
26639Diana,26639,Diana
65258Bob,65258,Bob
36836Thomas,36836,Thomas
42970Wendy,42970,Wendy
32561Ian,32561,Ian
25194Victor,25194,Victor
65262Bob,65262,Bob
88577Ethan,88577,Ethan
89466Ethan,89466,Ethan
17560Robert,17560,Robert
41388Ethan,41388,Ethan
27462Diana,27462,Diana
17323Charlie,17323,Charlie
25017Hannah,25017,Hannah
39287Laura,39287,Laura
40150Victor,40150,Victor
22342Diana,22342,Diana
71095Michael,71095,Michael
58223Sophia,58223,Sophia
92725Nina,92725,Nina
16073Nina,16073,Nina
36862Sophia,36862,Sophia
87883Fiona,87883,Fiona
74783Robert,74783,Robert
85445Sophia,85445,Sophia
43923Julia,43923,Julia
89694Fiona,89694,Fiona
49910Ethan,49910,Ethan
42831Paula,42831,Paula
68514Michael,68514,Michael
58388Ian,58388,Ian
43026Alice,43026,Alice
12962Laura,12962,Laura
94063Uma,94063,Uma
17105Charlie,17105,Charlie
